ensemble_name,ensemble_method,weights,num_models,pr_auc,roc_auc,f05_80,prec_80,rec_80,tp_80,fp_80,fn_80,f05_82,prec_82,rec_82,tp_82,fp_82,fn_82,f05_85,prec_85,rec_85,tp_85,fp_85,fn_85,f05_90,prec_90,rec_90,tp_90,fp_90,fn_90,pred_matches_90,f05_95,prec_95,rec_95,tp_95,fp_95,fn_95,fold1_f05_90,fold2_f05_90,fold3_f05_90,fold4_f05_90,fold5_f05_90,mean_f05_90,std_f05_90,optimal_f05,optimal_threshold,optimal_precision,optimal_recall,optimal_tp,optimal_fp,optimal_fn,optimal_pred_matches
lightgbm_baseline,baseline,lightgbm:1.00,1,0.9616,0.9994,0.9304,0.9619,0.8228,706,28,152,0.932,0.9656,0.8182,702,25,156,0.9302,0.969,0.8019,688,22,170,0.9307,0.9767,0.7832,672,16,186,688,0.9259,0.9818,0.7541,647,12,211,0.9358,0.9444,0.9304,0.9237,0.919,0.9307,0.009,0.932,0.82,0.9656,0.8182,702,25,156,727
blend_lgb0.75_xgb0.25,probability_blend,lightgbm:0.75;xgboost:0.25,2,0.963,0.9995,0.9307,0.9642,0.817,701,26,157,0.9333,0.9706,0.8089,694,21,164,0.9309,0.9716,0.7972,684,20,174,0.93,0.978,0.7774,667,15,191,682,0.9216,0.9844,0.7343,630,10,228,0.9409,0.9444,0.9286,0.9202,0.9151,0.9298,0.0114,0.9333,0.82,0.9706,0.8089,694,21,164,715
blend_lgb0.50_xgb0.50,probability_blend,lightgbm:0.50;xgboost:0.50,2,0.9633,0.9995,0.931,0.9655,0.8147,699,25,159,0.9316,0.9692,0.8065,692,22,166,0.9332,0.9744,0.7984,685,18,173,0.9271,0.9791,0.7646,656,14,202,670,0.9192,0.9857,0.7238,621,9,237,0.9426,0.9393,0.9302,0.9166,0.9057,0.9269,0.0139,0.9332,0.85,0.9744,0.7984,685,18,173,703
blend_lgb0.75_cat0.25,probability_blend,lightgbm:0.75;catboost:0.25,2,0.9638,0.9996,0.9336,0.9707,0.81,695,21,163,0.9346,0.9733,0.8065,692,19,166,0.9339,0.9757,0.7972,684,17,174,0.9282,0.9778,0.7716,662,15,196,677,0.9204,0.9858,0.7273,624,9,234,0.9358,0.9427,0.9286,0.9184,0.9151,0.9281,0.0104,0.9353,0.83,0.9746,0.8054,691,18,167,709
blend_lgb0.50_cat0.50,probability_blend,lightgbm:0.50;catboost:0.50,2,0.9645,0.9996,0.935,0.9746,0.8042,690,18,168,0.9349,0.9759,0.8007,687,17,171,0.9339,0.977,0.7937,681,16,177,0.926,0.979,0.7611,653,14,205,667,0.911,0.9868,0.697,598,8,260,0.9358,0.9393,0.9302,0.9147,0.9091,0.9258,0.0119,0.936,0.81,0.976,0.8042,690,17,168,707
blend_three_model_equal,probability_blend,lightgbm:0.33;xgboost:0.33;catboost:0.33,3,0.9646,0.9996,0.9326,0.9705,0.8065,692,21,166,0.9356,0.9759,0.803,689,17,169,0.9332,0.977,0.7914,679,16,179,0.9266,0.9818,0.7564,649,12,209,661,0.9106,0.9868,0.6958,597,8,261,0.9409,0.9357,0.9321,0.9179,0.905,0.9263,0.0131,0.9356,0.82,0.9759,0.803,689,17,169,706
rank_lgb_xgb,rank_average,lightgbm:0.50;xgboost:0.50,2,0.9634,0.9995,0.0393,0.0317,0.9988,857,26167,1,0.0433,0.0349,0.9988,857,23690,1,0.0511,0.0413,0.9988,857,19912,1,0.0754,0.0613,0.9988,857,13134,1,13991,0.1557,0.1286,0.9988,857,5808,1,0.0857,0.0638,0.0741,0.0803,0.0768,0.0762,0.0073,0.931,0.9953,0.9794,0.7774,667,14,191,681
rank_lgb_cat,rank_average,lightgbm:0.50;catboost:0.50,2,0.9645,0.9995,0.0394,0.0318,0.9988,857,26132,1,0.0435,0.0351,0.9988,857,23582,1,0.052,0.0421,0.9988,857,19518,1,0.0765,0.0621,0.9988,857,12933,1,13790,0.1599,0.1322,0.9988,857,5627,1,0.0827,0.0686,0.0766,0.0832,0.0735,0.0769,0.0056,0.9343,0.995,0.972,0.8089,694,20,164,714
rank_all_three,rank_average,lightgbm:0.33;xgboost:0.33;catboost:0.33,3,0.9647,0.9995,0.0396,0.032,0.9988,857,25954,1,0.044,0.0355,0.9988,857,23302,1,0.0523,0.0423,0.9988,857,19416,1,0.0757,0.0615,0.9988,857,13086,1,13943,0.1636,0.1353,0.9988,857,5475,1,0.0811,0.0677,0.0739,0.0817,0.0757,0.076,0.0051,0.9316,0.995,0.968,0.81,695,23,163,718
blend_precision_oriented,probability_blend,lightgbm:0.70;xgboost:0.20;catboost:0.10,3,0.9636,0.9995,0.933,0.9681,0.8147,699,23,159,0.933,0.9706,0.8077,693,21,165,0.9329,0.9756,0.7937,681,17,177,0.9296,0.978,0.7762,666,15,192,681,0.9192,0.9857,0.7238,621,9,237,0.9392,0.9444,0.9286,0.9202,0.9151,0.9295,0.0111,0.934,0.81,0.9707,0.8112,696,21,162,717
